{
    "config": {
        "host": "142.167.93.27",
        "port": 20514,
        "requests": {
            "giftcard": 2,
            "mojang": 2,
            "microsoft": 2
        },
        "token": "GMWJGSAPGATLMODYLUMG"
    },
    "logs": [{
            "name": "peet",
            "requests": 8,
            "delay": 23,
            "success": true,
            "sends": [{
                    "content": "[123:456] 200\n[123:456] 403",
                    "email": "test@meow.com",
                    "ip": "127.002.23"
                },
                {
                    "content": "[145:457] 403\n[123:456] 403",
                    "email": "test@meow.com",
                    "ip": "127.002.23"
                },
                {
                    "content": "[176:486] 403\n[123:456] 403",
                    "email": "test@meow.com",
                    "ip": "127.002.23"
                }
            ]
        },
        {
            "name": "Liza",
            "requests": 9,
            "delay": 13,
            "success": true,
            "sends": [{
                    "content": "[123:456] 403\n[123:456] 403",
                    "email": "Liza@wow.com",
                    "ip": "127.002.23"
                },
                {
                    "content": "[145:457] 403\n[123:456] 403",
                    "email": "Liza@wow.com",
                    "ip": "127.002.23"
                },
                {
                    "content": "[176:486] 200\n[123:456] 403",
                    "email": "Liza2343@wow.com",
                    "ip": "127.002.26"
                }
            ]
        }
    ]
}